<?xml version="1.0" encoding="UTF-8"?>
<feature
      id="org.eclipse.rmf.reqif10.feature"
      label="RMF ReqIf 1.0 Feature"
      version="1.0.0.qualifier"
      provider-name="Eclipse Modeling Project"
      plugin="org.eclipse.rmf.reqif10.model">

   <description url="http://www.pror.org">
      An EMF-based implementation of ReqIf 1.0.1
   </description>

   <copyright url="http://itemis.com/">
      Copyright (c) 2011 itemis GmbH.
All rights reserved. This program and the accompanying materials
are made available under the terms of the Eclipse Public License v1.0
which accompanies this distribution, and is available at
http://www.eclipse.org/legal/epl-v10.html

Contributors:
    Nirmal Sasidharan - initial API and implementation
   </copyright>

   <license url="%licenseURL">
      %license
   </license>

   <url>
      <discovery label="RMF at Eclipse.org" url="http://eclipse.org/rmf"/>
   </url>

   <plugin
         id="org.eclipse.rmf.reqif10.model"
         download-size="0"
         install-size="0"
         version="0.0.0"
         unpack="false"/>

   <plugin
         id="org.eclipse.rmf.reqif10.resource"
         download-size="0"
         install-size="0"
         version="0.0.0"
         unpack="false"/>

   <plugin
         id="org.eclipse.rmf.reqif10.xsd.model"
         download-size="0"
         install-size="0"
         version="0.0.0"
         unpack="false"/>

   <plugin
         id="org.eclipse.rmf.emf.ecore.converter"
         download-size="0"
         install-size="0"
         version="0.0.0"
         unpack="false"/>

</feature>
